Frame,Movement Type
0,collision
1,linear
2,linear
3,linear
4,linear
5,linear
6,linear
7,linear
8,linear
9,linear
10,linear
11,linear
12,linear
13,linear
14,linear
15,linear
16,linear
17,linear
18,linear
19,linear
20,linear
21,linear
22,linear
23,linear
24,linear
25,linear
26,linear
27,linear
28,linear
29,linear
30,linear
31,linear
32,linear
33,linear
34,linear
35,linear
36,linear
37,linear
38,linear
39,linear
40,linear
41,linear
42,linear
43,linear
44,linear
45,linear
46,linear
47,linear
48,linear
49,linear
50,linear
51,linear
52,linear
53,linear
54,linear
55,linear
56,linear
57,linear
58,linear
59,linear
60,linear
61,linear
62,linear
63,linear
64,linear
65,linear
66,linear
67,linear
68,linear
69,linear
70,linear
71,linear
72,linear
73,linear
74,linear
75,linear
76,linear
77,linear
78,linear
79,linear
80,linear
81,linear
82,linear
83,linear
84,linear
85,linear
86,linear
87,linear
88,linear
89,linear
90,linear
91,linear
92,linear
93,linear
94,linear
95,linear
96,linear
97,linear
98,linear
99,linear
100,linear
101,linear
102,linear
103,linear
104,linear
105,linear
106,linear
107,linear
108,linear
109,linear
110,linear
111,linear
112,linear
113,linear
114,linear
115,linear
116,linear
117,linear
118,linear
119,linear
120,linear
121,linear
122,linear
123,linear
124,linear
125,linear
120,linear
121,linear
122,linear
123,linear
124,linear
125,linear
126,linear
127,linear
128,linear
129,linear
130,linear
131,linear
132,linear
133,linear
134,linear
135,linear
136,linear
137,linear
138,linear
139,linear
140,linear
141,linear
142,linear
143,linear
144,linear
145,linear
146,linear
147,linear
148,linear
149,linear
150,linear
151,linear
152,linear
153,linear
154,linear
155,linear
156,linear
157,linear
158,linear
159,linear
160,linear
161,linear
162,linear
163,linear
164,linear
165,linear
166,linear
167,linear
168,linear
169,linear
170,linear
171,linear
172,linear
173,linear
174,linear
175,linear
176,linear
177,linear
178,linear
179,linear
180,linear
181,linear
182,linear
183,linear
184,linear
185,linear
186,linear
187,linear
188,linear
189,linear
190,linear
191,linear
192,linear
193,linear
194,linear
195,linear
196,linear
197,linear
198,linear
199,linear
200,linear
201,linear
202,linear
203,linear
204,linear
205,linear
206,linear
207,linear
208,linear
209,linear
210,linear
211,linear
212,linear
213,linear
214,linear
215,linear
216,linear
217,linear
218,linear
219,linear
220,linear
221,linear
222,linear
223,linear
224,linear
225,linear
226,linear
227,linear
228,linear
229,linear
230,linear
231,linear
232,linear
233,linear
234,linear
235,linear
236,linear
237,linear
238,linear
239,linear
240,linear
241,linear
242,linear
240,linear
241,linear
242,linear
243,linear
244,linear
245,linear
246,linear
247,linear
248,linear
249,linear
250,linear
251,linear
252,linear
253,linear
254,linear
255,linear
256,linear
257,linear
258,linear
259,linear
260,linear
261,linear
262,linear
263,linear
264,linear
265,linear
266,linear
267,linear
268,linear
269,linear
270,linear
271,linear
272,linear
273,linear
274,linear
275,linear
276,linear
277,linear
278,linear
279,linear
280,linear
281,linear
282,linear
283,linear
284,linear
285,linear
286,linear
287,linear
288,linear
289,linear
290,linear
291,linear
292,linear
293,linear
294,linear
295,linear
296,linear
297,linear
298,linear
299,linear
300,linear
301,linear
302,linear
303,linear
304,linear
305,linear
306,linear
307,linear
308,linear
309,linear
310,linear
311,linear
312,linear
313,linear
314,linear
315,linear
316,linear
317,linear
318,linear
319,linear
320,linear
321,linear
322,linear
323,linear
324,linear
325,linear
326,linear
327,linear
328,linear
329,linear
330,linear
331,linear
332,linear
333,linear
334,linear
335,linear
336,linear
337,linear
338,linear
339,linear
340,linear
341,linear
342,linear
343,linear
344,linear
345,linear
346,linear
347,linear
348,linear
349,linear
350,linear
351,linear
352,linear
353,linear
354,linear
355,linear
356,linear
357,linear
358,linear
359,linear
360,linear
361,linear
362,linear
363,linear
360,collision
361,parabolic
362,parabolic
363,parabolic
364,parabolic
365,parabolic
366,parabolic
367,parabolic
368,parabolic
369,parabolic
370,parabolic
371,parabolic
372,parabolic
373,parabolic
374,parabolic
375,parabolic
376,parabolic
377,parabolic
378,parabolic
379,parabolic
380,parabolic
381,parabolic
382,parabolic
383,parabolic
384,parabolic
385,parabolic
386,parabolic
387,parabolic
388,parabolic
389,parabolic
390,parabolic
391,parabolic
392,parabolic
393,parabolic
394,parabolic
395,parabolic
396,parabolic
397,parabolic
398,parabolic
399,parabolic
400,parabolic
401,parabolic
402,parabolic
403,parabolic
404,parabolic
405,parabolic
406,parabolic
407,parabolic
408,parabolic
409,parabolic
410,parabolic
411,parabolic
412,parabolic
413,parabolic
414,parabolic
415,parabolic
416,parabolic
417,parabolic
418,parabolic
419,parabolic
420,parabolic
421,parabolic
422,parabolic
423,parabolic
424,parabolic
425,parabolic
426,parabolic
427,parabolic
428,parabolic
429,parabolic
430,parabolic
431,parabolic
432,parabolic
433,parabolic
434,parabolic
435,parabolic
436,parabolic
437,parabolic
438,parabolic
439,parabolic
440,parabolic
441,parabolic
442,parabolic
443,parabolic
444,parabolic
445,parabolic
446,parabolic
447,parabolic
448,parabolic
449,parabolic
450,parabolic
451,parabolic
452,parabolic
453,parabolic
454,parabolic
455,parabolic
456,parabolic
457,parabolic
458,parabolic
459,parabolic
460,parabolic
461,parabolic
462,parabolic
463,parabolic
464,parabolic
465,parabolic
466,parabolic
467,parabolic
468,parabolic
469,parabolic
480,parabolic
481,parabolic
482,parabolic
483,parabolic
484,parabolic
485,parabolic
486,parabolic
487,parabolic
488,parabolic
489,parabolic
490,parabolic
491,parabolic
492,parabolic
493,parabolic
494,parabolic
495,parabolic
496,parabolic
497,parabolic
498,parabolic
499,parabolic
500,parabolic
501,parabolic
502,parabolic
503,parabolic
504,parabolic
505,parabolic
506,parabolic
507,parabolic
508,parabolic
509,parabolic
510,parabolic
511,parabolic
512,parabolic
513,parabolic
514,parabolic
515,parabolic
516,parabolic
517,parabolic
518,parabolic
519,parabolic
520,parabolic
521,parabolic
522,parabolic
523,parabolic
524,parabolic
525,parabolic
526,parabolic
527,parabolic
528,parabolic
529,parabolic
530,parabolic
531,parabolic
532,parabolic
533,parabolic
534,parabolic
535,parabolic
536,parabolic
537,parabolic
538,parabolic
539,parabolic
540,parabolic
541,parabolic
542,parabolic
543,parabolic
544,parabolic
545,parabolic
546,parabolic
547,parabolic
548,parabolic
549,parabolic
550,parabolic
551,parabolic
552,parabolic
553,parabolic
554,parabolic
555,parabolic
556,parabolic
557,parabolic
558,parabolic
559,parabolic
560,parabolic
561,parabolic
562,parabolic
563,parabolic
564,parabolic
565,parabolic
566,parabolic
567,parabolic
568,parabolic
569,parabolic
570,parabolic
571,parabolic
572,parabolic
573,parabolic
574,parabolic
575,parabolic
576,parabolic
577,parabolic
578,parabolic
579,parabolic
580,parabolic
581,parabolic
582,parabolic
583,parabolic
584,parabolic
585,parabolic
586,parabolic
587,parabolic
588,parabolic
589,parabolic
590,parabolic
591,parabolic
592,parabolic
593,parabolic
594,parabolic
595,parabolic
596,parabolic
597,parabolic
598,parabolic
599,parabolic
600,parabolic
600,parabolic
601,parabolic
602,parabolic
603,parabolic
604,parabolic
605,parabolic
606,parabolic
607,parabolic
608,parabolic
609,parabolic
610,parabolic
611,parabolic
612,parabolic
613,parabolic
614,parabolic
615,parabolic
616,parabolic
617,parabolic
618,parabolic
619,parabolic
620,parabolic
621,parabolic
622,parabolic
623,parabolic
624,parabolic
625,parabolic
626,parabolic
627,parabolic
628,parabolic
629,parabolic
630,parabolic
631,parabolic
632,parabolic
633,parabolic
634,parabolic
635,parabolic
636,parabolic
637,parabolic
638,parabolic
639,parabolic
640,parabolic
641,parabolic
642,parabolic
643,parabolic
644,parabolic
645,parabolic
646,parabolic
647,parabolic
648,parabolic
649,parabolic
650,parabolic
651,parabolic
652,parabolic
653,parabolic
654,parabolic
655,parabolic
656,parabolic
657,parabolic
658,parabolic
659,parabolic
660,parabolic
661,parabolic
662,parabolic
663,parabolic
664,parabolic
665,parabolic
666,parabolic
667,parabolic
668,parabolic
669,parabolic
670,parabolic
671,parabolic
672,parabolic
673,parabolic
674,parabolic
675,parabolic
676,parabolic
677,parabolic
678,parabolic
679,parabolic
680,parabolic
681,parabolic
682,parabolic
683,parabolic
684,parabolic
685,parabolic
686,parabolic
687,parabolic
688,parabolic
689,parabolic
690,parabolic
691,parabolic
692,parabolic
693,parabolic
694,parabolic
695,parabolic
696,parabolic
697,parabolic
698,parabolic
699,parabolic
700,parabolic
701,parabolic
702,parabolic
703,parabolic
704,parabolic
705,parabolic
706,parabolic
707,parabolic
708,parabolic
709,parabolic
710,parabolic
711,parabolic
712,parabolic
713,parabolic
714,parabolic
715,parabolic
716,parabolic
717,parabolic
718,parabolic
719,parabolic
720,parabolic
721,parabolic
722,parabolic
723,parabolic
724,parabolic
720,parabolic
721,parabolic
722,parabolic
723,parabolic
724,parabolic
725,parabolic
726,parabolic
727,parabolic
728,parabolic
729,parabolic
730,parabolic
731,parabolic
732,parabolic
733,parabolic
734,parabolic
735,parabolic
736,parabolic
737,parabolic
738,parabolic
739,parabolic
740,parabolic
741,parabolic
742,parabolic
743,parabolic
744,parabolic
745,parabolic
746,parabolic
747,parabolic
748,parabolic
749,parabolic
750,parabolic
751,parabolic
752,parabolic
753,parabolic
754,parabolic
755,parabolic
756,parabolic
757,parabolic
758,parabolic
759,parabolic
760,parabolic
761,parabolic
762,parabolic
763,parabolic
764,parabolic
765,parabolic
766,parabolic
767,parabolic
768,parabolic
769,parabolic
770,parabolic
771,parabolic
772,parabolic
773,parabolic
774,parabolic
775,parabolic
776,parabolic
777,parabolic
778,parabolic
779,parabolic
780,parabolic
781,parabolic
782,parabolic
783,parabolic
784,parabolic
785,parabolic
786,parabolic
787,parabolic
788,parabolic
789,parabolic
790,parabolic
791,parabolic
792,parabolic
793,parabolic
794,parabolic
795,parabolic
796,parabolic
797,parabolic
798,parabolic
799,parabolic
800,parabolic
801,parabolic
802,parabolic
803,parabolic
804,parabolic
805,parabolic
806,parabolic
807,parabolic
808,parabolic
809,parabolic
810,parabolic
811,parabolic
812,parabolic
813,parabolic
814,parabolic
815,parabolic
816,parabolic
817,parabolic
818,parabolic
819,parabolic
820,parabolic
821,parabolic
822,parabolic
823,parabolic
824,parabolic
825,parabolic
826,parabolic
827,parabolic
828,parabolic
829,parabolic
830,parabolic
831,parabolic
832,parabolic
833,parabolic
834,parabolic
835,parabolic
836,parabolic
837,parabolic
838,parabolic
839,parabolic
840,parabolic
840,collision
841,linear
842,linear
843,linear
844,linear
845,linear
846,linear
847,linear
848,linear
849,linear
850,linear
851,linear
852,linear
853,linear
854,linear
855,linear
856,linear
857,linear
858,linear
859,linear
860,linear
861,linear
862,linear
863,linear
864,linear
865,linear
866,linear
867,linear
868,linear
869,linear
870,linear
871,linear
872,linear
873,linear
874,linear
875,linear
876,linear
877,linear
878,linear
879,linear
880,linear
881,linear
882,linear
883,linear
884,linear
885,linear
886,linear
887,linear
888,linear
889,linear
890,linear
891,linear
892,linear
893,linear
894,linear
895,linear
896,linear
897,linear
898,linear
899,linear
900,linear
901,linear
902,linear
903,linear
904,linear
905,linear
906,linear
907,linear
908,linear
909,linear
910,linear
911,linear
912,linear
913,linear
914,linear
915,linear
916,linear
917,linear
918,linear
919,linear
920,linear
921,linear
922,linear
923,linear
924,linear
925,linear
926,linear
927,linear
928,linear
929,linear
930,linear
931,linear
932,linear
933,linear
934,linear
935,linear
936,linear
937,linear
938,linear
939,linear
940,linear
941,linear
942,linear
943,linear
944,linear
945,linear
946,linear
947,linear
948,linear
949,linear
950,linear
951,linear
952,linear
953,linear
954,linear
955,linear
956,linear
957,linear
960,collision
961,parabolic
962,parabolic
963,parabolic
964,parabolic
965,parabolic
966,parabolic
967,parabolic
968,parabolic
969,parabolic
970,parabolic
971,parabolic
972,parabolic
973,parabolic
974,parabolic
975,parabolic
976,parabolic
977,parabolic
978,parabolic
979,parabolic
980,parabolic
981,parabolic
982,parabolic
983,parabolic
984,parabolic
985,parabolic
986,parabolic
987,parabolic
988,parabolic
989,parabolic
990,parabolic
991,parabolic
992,parabolic
993,parabolic
994,parabolic
995,parabolic
996,parabolic
997,parabolic
998,parabolic
999,parabolic
1000,parabolic
1001,parabolic
1002,parabolic
1003,parabolic
1004,parabolic
1005,parabolic
1006,parabolic
1007,parabolic
1008,parabolic
1009,parabolic
1010,parabolic
1011,parabolic
1012,parabolic
1013,parabolic
1014,parabolic
1015,parabolic
1016,parabolic
1017,parabolic
1018,parabolic
1019,parabolic
1020,parabolic
1021,parabolic
1022,parabolic
1023,parabolic
1024,parabolic
1025,parabolic
1026,parabolic
1027,parabolic
1028,parabolic
1029,parabolic
1030,parabolic
1031,parabolic
1032,parabolic
1033,parabolic
1034,parabolic
1035,parabolic
1036,parabolic
1037,parabolic
1038,parabolic
1039,parabolic
1040,parabolic
1041,parabolic
1042,parabolic
1043,parabolic
1044,parabolic
1045,parabolic
1046,parabolic
1047,parabolic
1048,parabolic
1049,parabolic
1050,parabolic
1051,parabolic
1052,parabolic
1053,parabolic
1054,parabolic
1055,parabolic
1056,parabolic
1057,parabolic
1058,parabolic
1059,parabolic
1060,parabolic
1061,parabolic
1062,parabolic
1063,parabolic
1064,parabolic
1065,parabolic
1066,parabolic
1067,parabolic
1068,parabolic
1069,parabolic
1070,parabolic
1071,parabolic
1072,parabolic
1080,parabolic
1081,parabolic
1082,parabolic
1083,parabolic
1084,parabolic
1085,parabolic
1086,parabolic
1087,parabolic
1088,parabolic
1089,parabolic
1090,parabolic
1091,parabolic
1092,parabolic
1093,parabolic
1094,parabolic
1095,parabolic
1096,parabolic
1097,parabolic
1098,parabolic
1099,parabolic
1100,parabolic
1101,parabolic
1102,parabolic
1103,parabolic
1104,parabolic
1105,parabolic
1106,parabolic
1107,parabolic
1108,parabolic
1109,parabolic
1110,parabolic
1111,parabolic
1112,parabolic
1113,parabolic
1114,parabolic
1115,parabolic
1116,parabolic
1117,parabolic
1118,parabolic
1119,parabolic
1120,parabolic
1121,parabolic
1122,parabolic
1123,parabolic
1124,parabolic
1125,parabolic
1126,parabolic
1127,parabolic
1128,parabolic
1129,parabolic
1130,parabolic
1131,parabolic
1132,parabolic
1133,parabolic
1134,parabolic
1135,parabolic
1136,parabolic
1137,parabolic
1138,parabolic
1139,parabolic
1140,parabolic
1141,parabolic
1142,parabolic
1143,parabolic
1144,parabolic
1145,parabolic
1146,parabolic
1147,parabolic
1148,parabolic
1149,parabolic
1150,parabolic
1151,parabolic
1152,parabolic
1153,parabolic
1154,parabolic
1155,parabolic
1156,parabolic
1157,parabolic
1158,parabolic
1159,parabolic
1160,parabolic
1161,parabolic
1162,parabolic
1163,parabolic
1164,parabolic
1165,parabolic
1166,parabolic
1167,parabolic
1168,parabolic
1169,parabolic
1170,parabolic
1171,parabolic
1172,parabolic
1173,parabolic
1174,parabolic
1175,parabolic
1176,parabolic
1177,parabolic
1178,parabolic
1179,parabolic
1180,parabolic
1181,parabolic
1182,parabolic
1183,parabolic
1184,parabolic
1185,parabolic
1186,parabolic
1187,parabolic
1188,parabolic
1189,parabolic
1190,parabolic
1200,collision
1201,linear
1202,linear
1203,linear
1204,linear
1205,linear
1206,linear
1207,linear
1208,linear
1209,linear
1210,linear
1211,linear
1212,linear
1213,linear
1214,linear
1215,linear
1216,linear
1217,linear
1218,linear
1219,linear
1220,linear
1221,linear
1222,linear
1223,linear
1224,linear
1225,linear
1226,linear
1227,linear
1228,linear
1229,linear
1230,linear
1231,linear
1232,linear
1233,linear
1234,linear
1235,linear
1236,linear
1237,linear
1238,linear
1239,linear
1240,linear
1241,linear
1242,linear
1243,linear
1244,linear
1245,linear
1246,linear
1247,linear
1248,linear
1249,linear
1250,linear
1251,linear
1252,linear
1253,linear
1254,linear
1255,linear
1256,linear
1257,linear
1258,linear
1259,linear
1260,linear
1261,linear
1262,linear
1263,linear
1264,linear
1265,linear
1266,linear
1267,linear
1268,linear
1269,linear
1270,linear
1271,linear
1272,linear
1273,linear
1274,linear
1275,linear
1276,linear
1277,linear
1278,linear
1279,linear
1280,linear
1281,linear
1282,linear
1283,linear
1284,linear
1285,linear
1286,linear
1287,linear
1288,linear
1289,linear
1290,linear
1291,linear
1292,linear
1293,linear
1294,linear
1295,linear
1296,linear
1297,linear
1298,linear
1299,linear
1300,linear
1301,linear
1302,linear
1303,linear
1304,linear
1305,linear
1306,linear
1307,linear
1308,linear
1309,linear
1310,linear
1311,linear
1312,linear
1313,linear
1314,linear
1315,linear
1316,linear
1317,linear
1318,linear
1319,linear
1320,linear
1321,linear
1322,linear
1323,linear
1324,linear
1325,linear
1320,linear
1321,linear
1322,linear
1323,linear
1324,linear
1325,linear
1326,linear
1327,linear
1328,linear
1329,linear
1330,linear
1331,linear
1332,linear
1333,linear
1334,linear
1335,linear
1336,linear
1337,linear
1338,linear
1339,linear
1340,linear
1341,linear
1342,linear
1343,linear
1344,linear
1345,linear
1346,linear
1347,linear
1348,linear
1349,linear
1350,linear
1351,linear
1352,linear
1353,linear
1354,linear
1355,linear
1356,linear
1357,linear
1358,linear
1359,linear
1360,linear
1361,linear
1362,linear
1363,linear
1364,linear
1365,linear
1366,linear
1367,linear
1368,linear
1369,linear
1370,linear
1371,linear
1372,linear
1373,linear
1374,linear
1375,linear
1376,linear
1377,linear
1378,linear
1379,linear
1380,linear
1381,linear
1382,linear
1383,linear
1384,linear
1385,linear
1386,linear
1387,linear
1388,linear
1389,linear
1390,linear
1391,linear
1392,linear
1393,linear
1394,linear
1395,linear
1396,linear
1397,linear
1398,linear
1399,linear
1400,linear
1401,linear
1402,linear
1403,linear
1404,linear
1405,linear
1406,linear
1407,linear
1408,linear
1409,linear
1410,linear
1411,linear
1412,linear
1413,linear
1414,linear
1415,linear
1416,linear
1417,linear
1418,linear
1419,linear
1420,linear
1421,linear
1422,linear
1423,linear
1424,linear
1425,linear
1426,linear
1427,linear
1428,linear
1429,linear
1430,linear
1431,linear
1432,linear
1433,linear
1434,linear
1435,linear
1436,linear
1437,linear
1438,linear
1440,collision
1441,parabolic
1442,parabolic
1443,parabolic
1444,parabolic
1445,parabolic
1446,parabolic
1447,parabolic
1448,parabolic
1449,parabolic
1450,parabolic
1451,parabolic
1452,parabolic
1453,parabolic
1454,parabolic
1455,parabolic
1456,parabolic
1457,parabolic
1458,parabolic
1459,parabolic
1460,parabolic
1461,parabolic
1462,parabolic
1463,parabolic
1464,parabolic
1465,parabolic
1466,parabolic
1467,parabolic
1468,parabolic
1469,parabolic
1470,parabolic
1471,parabolic
1472,parabolic
1473,parabolic
1474,parabolic
1475,parabolic
1476,parabolic
1477,parabolic
1478,parabolic
1479,parabolic
1480,parabolic
1481,parabolic
1482,parabolic
1483,parabolic
1484,parabolic
1485,parabolic
1486,parabolic
1487,parabolic
1488,parabolic
1489,parabolic
1490,parabolic
1491,parabolic
1492,parabolic
1493,parabolic
1494,parabolic
1495,parabolic
1496,parabolic
1497,parabolic
1498,parabolic
1499,parabolic
1500,parabolic
1501,parabolic
1502,parabolic
1503,parabolic
1504,parabolic
1505,parabolic
1506,parabolic
1507,parabolic
1508,parabolic
1509,parabolic
1510,parabolic
1511,parabolic
1512,parabolic
1513,parabolic
1514,parabolic
1515,parabolic
1516,parabolic
1517,parabolic
1518,parabolic
1519,parabolic
1520,parabolic
1521,parabolic
1522,parabolic
1523,parabolic
1524,parabolic
1525,parabolic
1526,parabolic
1527,parabolic
1528,parabolic
1529,parabolic
1530,parabolic
1531,parabolic
1532,parabolic
1533,parabolic
1534,parabolic
1535,parabolic
1536,parabolic
1537,parabolic
1538,parabolic
1539,parabolic
1540,parabolic
1541,parabolic
1542,parabolic
1543,parabolic
1544,parabolic
1545,parabolic
1546,parabolic
1547,parabolic
1548,parabolic
1549,parabolic
1550,parabolic
1551,parabolic
1552,parabolic
1553,parabolic
1554,parabolic
1555,parabolic
1556,parabolic
1557,parabolic
1560,parabolic
1561,parabolic
1562,parabolic
1563,parabolic
1564,parabolic
1565,parabolic
1566,parabolic
1567,parabolic
1568,parabolic
1569,parabolic
1570,parabolic
1571,parabolic
1572,parabolic
1573,parabolic
1574,parabolic
1575,parabolic
1576,parabolic
1577,parabolic
1578,parabolic
1579,parabolic
1580,parabolic
1581,parabolic
1582,parabolic
1583,parabolic
1584,parabolic
1585,parabolic
1586,parabolic
1587,parabolic
1588,parabolic
1589,parabolic
1590,parabolic
1591,parabolic
1592,parabolic
1593,parabolic
1594,parabolic
1595,parabolic
1596,parabolic
1597,parabolic
1598,parabolic
1599,parabolic
1600,parabolic
1601,parabolic
1602,parabolic
1603,parabolic
1604,parabolic
1605,parabolic
1606,parabolic
1607,parabolic
1608,parabolic
1609,parabolic
1610,parabolic
1611,parabolic
1612,parabolic
1613,parabolic
1614,parabolic
1615,parabolic
1616,parabolic
1617,parabolic
1618,parabolic
1619,parabolic
1620,parabolic
1621,parabolic
1622,parabolic
1623,parabolic
1624,parabolic
1625,parabolic
1626,parabolic
1627,parabolic
1628,parabolic
1629,parabolic
1630,parabolic
1631,parabolic
1632,parabolic
1633,parabolic
1634,parabolic
1635,parabolic
1636,parabolic
1637,parabolic
1638,parabolic
1639,parabolic
1640,parabolic
1641,parabolic
1642,parabolic
1643,parabolic
1644,parabolic
1645,parabolic
1646,parabolic
1647,parabolic
1648,parabolic
1649,parabolic
1650,parabolic
1651,parabolic
1652,parabolic
1653,parabolic
1654,parabolic
1655,parabolic
1656,parabolic
1657,parabolic
1658,parabolic
1659,parabolic
1660,parabolic
1661,parabolic
1662,parabolic
1663,parabolic
1664,parabolic
1665,parabolic
1666,parabolic
1667,parabolic
1668,parabolic
1669,parabolic
1670,parabolic
1680,parabolic
1681,parabolic
1682,parabolic
1683,parabolic
1684,parabolic
1685,parabolic
1686,parabolic
1687,parabolic
1688,parabolic
1689,parabolic
1690,parabolic
1691,parabolic
1692,parabolic
1693,parabolic
1694,parabolic
1695,parabolic
1696,parabolic
1697,parabolic
1698,parabolic
1699,parabolic
1700,parabolic
1701,parabolic
1702,parabolic
1703,parabolic
1704,parabolic
1705,parabolic
1706,parabolic
1707,parabolic
1708,parabolic
1709,parabolic
1710,parabolic
1711,parabolic
1712,parabolic
1713,parabolic
1714,parabolic
1715,parabolic
1716,parabolic
1717,parabolic
1718,parabolic
1719,parabolic
1720,parabolic
1721,parabolic
1722,parabolic
1723,parabolic
1724,parabolic
1725,parabolic
1726,parabolic
1727,parabolic
1728,parabolic
1729,parabolic
1730,parabolic
1731,parabolic
1732,parabolic
1733,parabolic
1734,parabolic
1735,parabolic
1736,parabolic
1737,parabolic
1738,parabolic
1739,parabolic
1740,parabolic
1741,parabolic
1742,parabolic
1743,parabolic
1744,parabolic
1745,parabolic
1746,parabolic
1747,parabolic
1748,parabolic
1749,parabolic
1750,parabolic
1751,parabolic
1752,parabolic
1753,parabolic
1754,parabolic
1755,parabolic
1756,parabolic
1757,parabolic
1758,parabolic
1759,parabolic
1760,parabolic
1761,parabolic
1762,parabolic
1763,parabolic
1764,parabolic
1765,parabolic
1766,parabolic
1767,parabolic
1768,parabolic
1769,parabolic
1770,parabolic
1771,parabolic
1772,parabolic
1773,parabolic
1774,parabolic
1775,parabolic
1776,parabolic
1777,parabolic
1778,parabolic
1779,parabolic
1780,parabolic
1781,parabolic
1782,parabolic
1783,parabolic
1784,parabolic
1785,parabolic
1786,parabolic
1787,parabolic
1788,parabolic
1789,parabolic
1790,parabolic
1791,parabolic
1792,parabolic
1793,parabolic
1794,parabolic
1795,parabolic
1796,parabolic
1797,parabolic
1798,parabolic
1799,parabolic
1800,parabolic
1801,parabolic
1802,parabolic
1803,parabolic
1804,parabolic
1805,parabolic
1806,parabolic
1807,parabolic
1800,parabolic
1801,parabolic
1802,parabolic
1803,parabolic
1804,parabolic
1805,parabolic
1806,parabolic
1807,parabolic
1808,parabolic
1809,parabolic
1810,parabolic
1811,parabolic
1812,parabolic
1813,parabolic
1814,parabolic
1815,parabolic
1816,parabolic
1817,parabolic
1818,parabolic
1819,parabolic
1820,parabolic
1821,parabolic
1822,parabolic
1823,parabolic
1824,parabolic
1825,parabolic
1826,parabolic
1827,parabolic
1828,parabolic
1829,parabolic
1830,parabolic
1831,parabolic
1832,parabolic
1833,parabolic
1834,parabolic
1835,parabolic
1836,parabolic
1837,parabolic
1838,parabolic
1839,parabolic
1840,parabolic
1841,parabolic
1842,parabolic
1843,parabolic
1844,parabolic
1845,parabolic
1846,parabolic
1847,parabolic
1848,parabolic
1849,parabolic
1850,parabolic
1851,parabolic
1852,parabolic
1853,parabolic
1854,parabolic
1855,parabolic
1856,parabolic
1857,parabolic
1858,parabolic
1859,parabolic
1860,parabolic
1861,parabolic
1862,parabolic
1863,parabolic
1864,parabolic
1865,parabolic
1866,parabolic
1867,parabolic
1868,parabolic
1869,parabolic
1870,parabolic
1871,parabolic
1872,parabolic
1873,parabolic
1874,parabolic
1875,parabolic
1876,parabolic
1877,parabolic
1878,parabolic
1879,parabolic
1880,parabolic
1881,parabolic
1882,parabolic
1883,parabolic
1884,parabolic
1885,parabolic
1886,parabolic
1887,parabolic
1888,parabolic
1889,parabolic
1890,parabolic
1891,parabolic
1892,parabolic
1893,parabolic
1894,parabolic
1895,parabolic
1896,parabolic
1897,parabolic
1898,parabolic
1899,parabolic
1900,parabolic
1901,parabolic
1902,parabolic
1903,parabolic
1904,parabolic
1905,parabolic
1906,parabolic
1907,parabolic
1908,parabolic
1909,parabolic
1910,parabolic
1911,parabolic
1912,parabolic
1913,parabolic
1914,parabolic
1915,parabolic
1916,parabolic
1917,parabolic
1918,parabolic
1919,parabolic
1920,parabolic
1920,collision
1921,linear
1922,linear
1923,linear
1924,linear
1925,linear
1926,linear
1927,linear
1928,linear
1929,linear
1930,linear
1931,linear
1932,linear
1933,linear
1934,linear
1935,linear
1936,linear
1937,linear
1938,linear
1939,linear
1940,linear
1941,linear
1942,linear
1943,linear
1944,linear
1945,linear
1946,linear
1947,linear
1948,linear
1949,linear
1950,linear
1951,linear
1952,linear
1953,linear
1954,linear
1955,linear
1956,linear
1957,linear
1958,linear
1959,linear
1960,linear
1961,linear
1962,linear
1963,linear
1964,linear
1965,linear
1966,linear
1967,linear
1968,linear
1969,linear
1970,linear
1971,linear
1972,linear
1973,linear
1974,linear
1975,linear
1976,linear
1977,linear
1978,linear
1979,linear
1980,linear
1981,linear
1982,linear
1983,linear
1984,linear
1985,linear
1986,linear
1987,linear
1988,linear
1989,linear
1990,linear
1991,linear
1992,linear
1993,linear
1994,linear
1995,linear
1996,linear
1997,linear
1998,linear
1999,linear
2000,linear
2001,linear
2002,linear
2003,linear
2004,linear
2005,linear
2006,linear
2007,linear
2008,linear
2009,linear
2010,linear
2011,linear
2012,linear
2013,linear
2014,linear
2015,linear
2016,linear
2017,linear
2018,linear
2019,linear
2020,linear
2021,linear
2022,linear
2023,linear
2024,linear
2025,linear
2026,linear
2027,linear
2028,linear
2029,linear
2030,linear
2031,linear
2032,linear
2033,linear
2034,linear
2035,linear
2036,linear
2037,linear
2038,linear
2039,linear
2040,linear
2040,collision
2041,parabolic
2042,parabolic
2043,parabolic
2044,parabolic
2045,parabolic
2046,parabolic
2047,parabolic
2048,parabolic
2049,parabolic
2050,parabolic
2051,parabolic
2052,parabolic
2053,parabolic
2054,parabolic
2055,parabolic
2056,parabolic
2057,parabolic
2058,parabolic
2059,parabolic
2060,parabolic
2061,parabolic
2062,parabolic
2063,parabolic
2064,parabolic
2065,parabolic
2066,parabolic
2067,parabolic
2068,parabolic
2069,parabolic
2070,parabolic
2071,parabolic
2072,parabolic
2073,parabolic
2074,parabolic
2075,parabolic
2076,parabolic
2077,parabolic
2078,parabolic
2079,parabolic
2080,parabolic
2081,parabolic
2082,parabolic
2083,parabolic
2084,parabolic
2085,parabolic
2086,parabolic
2087,parabolic
2088,parabolic
2089,parabolic
2090,parabolic
2091,parabolic
2092,parabolic
2093,parabolic
2094,parabolic
2095,parabolic
2096,parabolic
2097,parabolic
2098,parabolic
2099,parabolic
2100,parabolic
2101,parabolic
2102,parabolic
2103,parabolic
2104,parabolic
2105,parabolic
2106,parabolic
2107,parabolic
2108,parabolic
2109,parabolic
2110,parabolic
2111,parabolic
2112,parabolic
2113,parabolic
2114,parabolic
2115,parabolic
2116,parabolic
2117,parabolic
2118,parabolic
2119,parabolic
2120,parabolic
2121,parabolic
2122,parabolic
2123,parabolic
2124,parabolic
2125,parabolic
2126,parabolic
2127,parabolic
2128,parabolic
2129,parabolic
2130,parabolic
2131,parabolic
2132,parabolic
2133,parabolic
2134,parabolic
2135,parabolic
2136,parabolic
2137,parabolic
2138,parabolic
2139,parabolic
2140,parabolic
2141,parabolic
2142,parabolic
2143,parabolic
2144,parabolic
2145,parabolic
2146,parabolic
2147,parabolic
2148,parabolic
2149,parabolic
2150,parabolic
2151,parabolic
2160,collision
2161,linear
2162,linear
2163,linear
2164,linear
2165,linear
2166,linear
2167,linear
2168,linear
2169,linear
2170,linear
2171,linear
2172,linear
2173,linear
2174,linear
2175,linear
2176,linear
2177,linear
2178,linear
2179,linear
2180,linear
2181,linear
2182,linear
2183,linear
2184,linear
2185,linear
2186,linear
2187,linear
2188,linear
2189,linear
2190,linear
2191,linear
2192,linear
2193,linear
2194,linear
2195,linear
2196,linear
2197,linear
2198,linear
2199,linear
2200,linear
2201,linear
2202,linear
2203,linear
2204,linear
2205,linear
2206,linear
2207,linear
2208,linear
2209,linear
2210,linear
2211,linear
2212,linear
2213,linear
2214,linear
2215,linear
2216,linear
2217,linear
2218,linear
2219,linear
2220,linear
2221,linear
2222,linear
2223,linear
2224,linear
2225,linear
2226,linear
2227,linear
2228,linear
2229,linear
2230,linear
2231,linear
2232,linear
2233,linear
2234,linear
2235,linear
2236,linear
2237,linear
2238,linear
2239,linear
2240,linear
2241,linear
2242,linear
2243,linear
2244,linear
2245,linear
2246,linear
2247,linear
2248,linear
2249,linear
2250,linear
2251,linear
2252,linear
2253,linear
2254,linear
2255,linear
2256,linear
2257,linear
2258,linear
2259,linear
2260,linear
2261,linear
2262,linear
2263,linear
2264,linear
2265,linear
2266,linear
2267,linear
2268,linear
2269,linear
2270,linear
2271,linear
2272,linear
2273,linear
2274,linear
2280,collision
2281,parabolic
2282,parabolic
2283,parabolic
2284,parabolic
2285,parabolic
2286,parabolic
2287,parabolic
2288,parabolic
2289,parabolic
2290,parabolic
2291,parabolic
2292,parabolic
2293,parabolic
2294,parabolic
2295,parabolic
2296,parabolic
2297,parabolic
2298,parabolic
2299,parabolic
2300,parabolic
2301,parabolic
2302,parabolic
2303,parabolic
2304,parabolic
2305,parabolic
2306,parabolic
2307,parabolic
2308,parabolic
2309,parabolic
2310,parabolic
2311,parabolic
2312,parabolic
2313,parabolic
2314,parabolic
2315,parabolic
2316,parabolic
2317,parabolic
2318,parabolic
2319,parabolic
2320,parabolic
2321,parabolic
2322,parabolic
2323,parabolic
2324,parabolic
2325,parabolic
2326,parabolic
2327,parabolic
2328,parabolic
2329,parabolic
2330,parabolic
2331,parabolic
2332,parabolic
2333,parabolic
2334,parabolic
2335,parabolic
2336,parabolic
2337,parabolic
2338,parabolic
2339,parabolic
2340,parabolic
2341,parabolic
2342,parabolic
2343,parabolic
2344,parabolic
2345,parabolic
2346,parabolic
2347,parabolic
2348,parabolic
2349,parabolic
2350,parabolic
2351,parabolic
2352,parabolic
2353,parabolic
2354,parabolic
2355,parabolic
2356,parabolic
2357,parabolic
2358,parabolic
2359,parabolic
2360,parabolic
2361,parabolic
2362,parabolic
2363,parabolic
2364,parabolic
2365,parabolic
2366,parabolic
2367,parabolic
2368,parabolic
2369,parabolic
2370,parabolic
2371,parabolic
2372,parabolic
2373,parabolic
2374,parabolic
2375,parabolic
2376,parabolic
2377,parabolic
2378,parabolic
2379,parabolic
2380,parabolic
2381,parabolic
2382,parabolic
2383,parabolic
2384,parabolic
2385,parabolic
2386,parabolic
2387,parabolic
2388,parabolic
2389,parabolic
2390,parabolic
2400,collision
2401,linear
2402,linear
2403,linear
2404,linear
2405,linear
2406,linear
2407,linear
2408,linear
2409,linear
2410,linear
2411,linear
2412,linear
2413,linear
2414,linear
2415,linear
2416,linear
2417,linear
2418,linear
2419,linear
2420,linear
2421,linear
2422,linear
2423,linear
2424,linear
2425,linear
2426,linear
2427,linear
2428,linear
2429,linear
2430,linear
2431,linear
2432,linear
2433,linear
2434,linear
2435,linear
2436,linear
2437,linear
2438,linear
2439,linear
2440,linear
2441,linear
2442,linear
2443,linear
2444,linear
2445,linear
2446,linear
2447,linear
2448,linear
2449,linear
2450,linear
2451,linear
2452,linear
2453,linear
2454,linear
2455,linear
2456,linear
2457,linear
2458,linear
2459,linear
2460,linear
2461,linear
2462,linear
2463,linear
2464,linear
2465,linear
2466,linear
2467,linear
2468,linear
2469,linear
2470,linear
2471,linear
2472,linear
2473,linear
2474,linear
2475,linear
2476,linear
2477,linear
2478,linear
2479,linear
2480,linear
2481,linear
2482,linear
2483,linear
2484,linear
2485,linear
2486,linear
2487,linear
2488,linear
2489,linear
2490,linear
2491,linear
2492,linear
2493,linear
2494,linear
2495,linear
2496,linear
2497,linear
2498,linear
2499,linear
2500,linear
2501,linear
2502,linear
2503,linear
2504,linear
2505,linear
2506,linear
2507,linear
2508,linear
2509,linear
2520,collision
2521,parabolic
2522,parabolic
2523,parabolic
2524,parabolic
2525,parabolic
2526,parabolic
2527,parabolic
2528,parabolic
2529,parabolic
2530,parabolic
2531,parabolic
2532,parabolic
2533,parabolic
2534,parabolic
2535,parabolic
2536,parabolic
2537,parabolic
2538,parabolic
2539,parabolic
2540,parabolic
2541,parabolic
2542,parabolic
2543,parabolic
2544,parabolic
2545,parabolic
2546,parabolic
2547,parabolic
2548,parabolic
2549,parabolic
2550,parabolic
2551,parabolic
2552,parabolic
2553,parabolic
2554,parabolic
2555,parabolic
2556,parabolic
2557,parabolic
2558,parabolic
2559,parabolic
2560,parabolic
2561,parabolic
2562,parabolic
2563,parabolic
2564,parabolic
2565,parabolic
2566,parabolic
2567,parabolic
2568,parabolic
2569,parabolic
2570,parabolic
2571,parabolic
2572,parabolic
2573,parabolic
2574,parabolic
2575,parabolic
2576,parabolic
2577,parabolic
2578,parabolic
2579,parabolic
2580,parabolic
2581,parabolic
2582,parabolic
2583,parabolic
2584,parabolic
2585,parabolic
2586,parabolic
2587,parabolic
2588,parabolic
2589,parabolic
2590,parabolic
2591,parabolic
2592,parabolic
2593,parabolic
2594,parabolic
2595,parabolic
2596,parabolic
2597,parabolic
2598,parabolic
2599,parabolic
2600,parabolic
2601,parabolic
2602,parabolic
2603,parabolic
2604,parabolic
2605,parabolic
2606,parabolic
2607,parabolic
2608,parabolic
2609,parabolic
2610,parabolic
2611,parabolic
2612,parabolic
2613,parabolic
2614,parabolic
2615,parabolic
2616,parabolic
2617,parabolic
2618,parabolic
2619,parabolic
2620,parabolic
2621,parabolic
2622,parabolic
2623,parabolic
2624,parabolic
2625,parabolic
2626,parabolic
2627,parabolic
2628,parabolic
2629,parabolic
2630,parabolic
2631,parabolic
2632,parabolic
2633,parabolic
2634,parabolic
2635,parabolic
2636,parabolic
2637,parabolic
2638,parabolic
2639,parabolic
2640,parabolic
2641,parabolic
2642,parabolic
2643,parabolic
2644,parabolic
2645,parabolic
2646,parabolic
2647,parabolic
2648,parabolic
2649,parabolic
2640,collision
2641,linear
2642,linear
2643,linear
2644,linear
2645,linear
2646,linear
2647,linear
2648,linear
2649,linear
2650,linear
2651,linear
2652,linear
2653,linear
2654,linear
2655,linear
2656,linear
2657,linear
2658,linear
2659,linear
2660,linear
2661,linear
2662,linear
2663,linear
2664,linear
2665,linear
2666,linear
2667,linear
2668,linear
2669,linear
2670,linear
2671,linear
2672,linear
2673,linear
2674,linear
2675,linear
2676,linear
2677,linear
2678,linear
2679,linear
2680,linear
2681,linear
2682,linear
2683,linear
2684,linear
2685,linear
2686,linear
2687,linear
2688,linear
2689,linear
2690,linear
2691,linear
2692,linear
2693,linear
2694,linear
2695,linear
2696,linear
2697,linear
2698,linear
2699,linear
2700,linear
2701,linear
2702,linear
2703,linear
2704,linear
2705,linear
2706,linear
2707,linear
2708,linear
2709,linear
2710,linear
2711,linear
2712,linear
2713,linear
2714,linear
2715,linear
2716,linear
2717,linear
2718,linear
2719,linear
2720,linear
2721,linear
2722,linear
2723,linear
2724,linear
2725,linear
2726,linear
2727,linear
2728,linear
2729,linear
2730,linear
2731,linear
2732,linear
2733,linear
2734,linear
2735,linear
2736,linear
2737,linear
2738,linear
2739,linear
2740,linear
2741,linear
2742,linear
2743,linear
2744,linear
2745,linear
2746,linear
2747,linear
2748,linear
2749,linear
2750,linear
2751,linear
2752,linear
2753,linear
2754,linear
2755,linear
2756,linear
2757,linear
2758,linear
2759,linear
2760,linear
2761,linear
2762,linear
2760,collision
2761,parabolic
2762,parabolic
2763,parabolic
2764,parabolic
2765,parabolic
2766,parabolic
2767,parabolic
2768,parabolic
2769,parabolic
2770,parabolic
2771,parabolic
2772,parabolic
2773,parabolic
2774,parabolic
2775,parabolic
2776,parabolic
2777,parabolic
2778,parabolic
2779,parabolic
2780,parabolic
2781,parabolic
2782,parabolic
2783,parabolic
2784,parabolic
2785,parabolic
2786,parabolic
2787,parabolic
2788,parabolic
2789,parabolic
2790,parabolic
2791,parabolic
2792,parabolic
2793,parabolic
2794,parabolic
2795,parabolic
2796,parabolic
2797,parabolic
2798,parabolic
2799,parabolic
2800,parabolic
2801,parabolic
2802,parabolic
2803,parabolic
2804,parabolic
2805,parabolic
2806,parabolic
2807,parabolic
2808,parabolic
2809,parabolic
2810,parabolic
2811,parabolic
2812,parabolic
2813,parabolic
2814,parabolic
2815,parabolic
2816,parabolic
2817,parabolic
2818,parabolic
2819,parabolic
2820,parabolic
2821,parabolic
2822,parabolic
2823,parabolic
2824,parabolic
2825,parabolic
2826,parabolic
2827,parabolic
2828,parabolic
2829,parabolic
2830,parabolic
2831,parabolic
2832,parabolic
2833,parabolic
2834,parabolic
2835,parabolic
2836,parabolic
2837,parabolic
2838,parabolic
2839,parabolic
2840,parabolic
2841,parabolic
2842,parabolic
2843,parabolic
2844,parabolic
2845,parabolic
2846,parabolic
2847,parabolic
2848,parabolic
2849,parabolic
2850,parabolic
2851,parabolic
2852,parabolic
2853,parabolic
2854,parabolic
2855,parabolic
2856,parabolic
2857,parabolic
2858,parabolic
2859,parabolic
2860,parabolic
2861,parabolic
2862,parabolic
2863,parabolic
2864,parabolic
2865,parabolic
2866,parabolic
2867,parabolic
2868,parabolic
2869,parabolic
2870,parabolic
2871,parabolic
2872,parabolic
2873,parabolic
2874,parabolic
2875,parabolic
2876,parabolic
2877,parabolic
2878,parabolic
2879,parabolic
2880,parabolic
2881,parabolic
2882,parabolic
2883,parabolic
2884,parabolic
2885,parabolic
2886,parabolic
2887,parabolic
2888,parabolic
2880,collision
2881,linear
2882,linear
2883,linear
2884,linear
2885,linear
2886,linear
2887,linear
2888,linear
2889,linear
2890,linear
2891,linear
2892,linear
2893,linear
2894,linear
2895,linear
2896,linear
2897,linear
2898,linear
2899,linear
2900,linear
2901,linear
2902,linear
2903,linear
2904,linear
2905,linear
2906,linear
2907,linear
2908,linear
2909,linear
2910,linear
2911,linear
2912,linear
2913,linear
2914,linear
2915,linear
2916,linear
2917,linear
2918,linear
2919,linear
2920,linear
2921,linear
2922,linear
2923,linear
2924,linear
2925,linear
2926,linear
2927,linear
2928,linear
2929,linear
2930,linear
2931,linear
2932,linear
2933,linear
2934,linear
2935,linear
2936,linear
2937,linear
2938,linear
2939,linear
2940,linear
2941,linear
2942,linear
2943,linear
2944,linear
2945,linear
2946,linear
2947,linear
2948,linear
2949,linear
2950,linear
2951,linear
2952,linear
2953,linear
2954,linear
2955,linear
2956,linear
2957,linear
2958,linear
2959,linear
2960,linear
2961,linear
2962,linear
2963,linear
2964,linear
2965,linear
2966,linear
2967,linear
2968,linear
2969,linear
2970,linear
2971,linear
2972,linear
2973,linear
2974,linear
2975,linear
2976,linear
2977,linear
2978,linear
2979,linear
2980,linear
2981,linear
2982,linear
2983,linear
2984,linear
2985,linear
2986,linear
2987,linear
2988,linear
2989,linear
2990,linear
2991,linear
3000,collision
3001,parabolic
3002,parabolic
3003,parabolic
3004,parabolic
3005,parabolic
3006,parabolic
3007,parabolic
3008,parabolic
3009,parabolic
3010,parabolic
3011,parabolic
3012,parabolic
3013,parabolic
3014,parabolic
3015,parabolic
3016,parabolic
3017,parabolic
3018,parabolic
3019,parabolic
3020,parabolic
3021,parabolic
3022,parabolic
3023,parabolic
3024,parabolic
3025,parabolic
3026,parabolic
3027,parabolic
3028,parabolic
3029,parabolic
3030,parabolic
3031,parabolic
3032,parabolic
3033,parabolic
3034,parabolic
3035,parabolic
3036,parabolic
3037,parabolic
3038,parabolic
3039,parabolic
3040,parabolic
3041,parabolic
3042,parabolic
3043,parabolic
3044,parabolic
3045,parabolic
3046,parabolic
3047,parabolic
3048,parabolic
3049,parabolic
3050,parabolic
3051,parabolic
3052,parabolic
3053,parabolic
3054,parabolic
3055,parabolic
3056,parabolic
3057,parabolic
3058,parabolic
3059,parabolic
3060,parabolic
3061,parabolic
3062,parabolic
3063,parabolic
3064,parabolic
3065,parabolic
3066,parabolic
3067,parabolic
3068,parabolic
3069,parabolic
3070,parabolic
3071,parabolic
3072,parabolic
3073,parabolic
3074,parabolic
3075,parabolic
3076,parabolic
3077,parabolic
3078,parabolic
3079,parabolic
3080,parabolic
3081,parabolic
3082,parabolic
3083,parabolic
3084,parabolic
3085,parabolic
3086,parabolic
3087,parabolic
3088,parabolic
3089,parabolic
3090,parabolic
3091,parabolic
3092,parabolic
3093,parabolic
3094,parabolic
3095,parabolic
3096,parabolic
3097,parabolic
3098,parabolic
3099,parabolic
3100,parabolic
3101,parabolic
3102,parabolic
3103,parabolic
3104,parabolic
3105,parabolic
3106,parabolic
3107,parabolic
3108,parabolic
3109,parabolic
3110,parabolic
3111,parabolic
3112,parabolic
3113,parabolic
3114,parabolic
3115,parabolic
3116,parabolic
3117,parabolic
3118,parabolic
3119,parabolic
3120,parabolic
3121,parabolic
3122,parabolic
3120,parabolic
3121,parabolic
3122,parabolic
3123,parabolic
3124,parabolic
3125,parabolic
3126,parabolic
3127,parabolic
3128,parabolic
3129,parabolic
3130,parabolic
3131,parabolic
3132,parabolic
3133,parabolic
3134,parabolic
3135,parabolic
3136,parabolic
3137,parabolic
3138,parabolic
3139,parabolic
3140,parabolic
3141,parabolic
3142,parabolic
3143,parabolic
3144,parabolic
3145,parabolic
3146,parabolic
3147,parabolic
3148,parabolic
3149,parabolic
3150,parabolic
3151,parabolic
3152,parabolic
3153,parabolic
3154,parabolic
3155,parabolic
3156,parabolic
3157,parabolic
3158,parabolic
3159,parabolic
3160,parabolic
3161,parabolic
3162,parabolic
3163,parabolic
3164,parabolic
3165,parabolic
3166,parabolic
3167,parabolic
3168,parabolic
3169,parabolic
3170,parabolic
3171,parabolic
3172,parabolic
3173,parabolic
3174,parabolic
3175,parabolic
3176,parabolic
3177,parabolic
3178,parabolic
3179,parabolic
3180,parabolic
3181,parabolic
3182,parabolic
3183,parabolic
3184,parabolic
3185,parabolic
3186,parabolic
3187,parabolic
3188,parabolic
3189,parabolic
3190,parabolic
3191,parabolic
3192,parabolic
3193,parabolic
3194,parabolic
3195,parabolic
3196,parabolic
3197,parabolic
3198,parabolic
3199,parabolic
3200,parabolic
3201,parabolic
3202,parabolic
3203,parabolic
3204,parabolic
3205,parabolic
3206,parabolic
3207,parabolic
3208,parabolic
3209,parabolic
3210,parabolic
3211,parabolic
3212,parabolic
3213,parabolic
3214,parabolic
3215,parabolic
3216,parabolic
3217,parabolic
3218,parabolic
3219,parabolic
3220,parabolic
3221,parabolic
3222,parabolic
3223,parabolic
3224,parabolic
3225,parabolic
3226,parabolic
3227,parabolic
3228,parabolic
3229,parabolic
3230,parabolic
3231,parabolic
3232,parabolic
3233,parabolic
3234,parabolic
3240,parabolic
3241,parabolic
3242,parabolic
3243,parabolic
3244,parabolic
3245,parabolic
3246,parabolic
3247,parabolic
3248,parabolic
3249,parabolic
3250,parabolic
3251,parabolic
3252,parabolic
3253,parabolic
3254,parabolic
3255,parabolic
3256,parabolic
3257,parabolic
3258,parabolic
3259,parabolic
3260,parabolic
3261,parabolic
3262,parabolic
3263,parabolic
3264,parabolic
3265,parabolic
3266,parabolic
3267,parabolic
3268,parabolic
3269,parabolic
3270,parabolic
3271,parabolic
3272,parabolic
3273,parabolic
3274,parabolic
3275,parabolic
3276,parabolic
3277,parabolic
3278,parabolic
3279,parabolic
3280,parabolic
3281,parabolic
3282,parabolic
3283,parabolic
3284,parabolic
3285,parabolic
3286,parabolic
3287,parabolic
3288,parabolic
3289,parabolic
3290,parabolic
3291,parabolic
3292,parabolic
3293,parabolic
3294,parabolic
3295,parabolic
3296,parabolic
3297,parabolic
3298,parabolic
3299,parabolic
3300,parabolic
3301,parabolic
3302,parabolic
3303,parabolic
3304,parabolic
3305,parabolic
3306,parabolic
3307,parabolic
3308,parabolic
3309,parabolic
3310,parabolic
3311,parabolic
3312,parabolic
3313,parabolic
3314,parabolic
3315,parabolic
3316,parabolic
3317,parabolic
3318,parabolic
3319,parabolic
3320,parabolic
3321,parabolic
3322,parabolic
3323,parabolic
3324,parabolic
3325,parabolic
3326,parabolic
3327,parabolic
3328,parabolic
3329,parabolic
3330,parabolic
3331,parabolic
3332,parabolic
3333,parabolic
3334,parabolic
3335,parabolic
3336,parabolic
3337,parabolic
3338,parabolic
3339,parabolic
3340,parabolic
3341,parabolic
3342,parabolic
3343,parabolic
3344,parabolic
3345,parabolic
3346,parabolic
3347,parabolic
3348,parabolic
3349,parabolic
3350,parabolic
3351,parabolic
3352,parabolic
3353,parabolic
3354,parabolic
3355,parabolic
3356,parabolic
3357,parabolic
3358,parabolic
3359,parabolic
3360,parabolic
3361,parabolic
3362,parabolic
3363,parabolic
3364,parabolic
3360,collision
3361,linear
3362,linear
3363,linear
3364,linear
3365,linear
3366,linear
3367,linear
3368,linear
3369,linear
3370,linear
3371,linear
3372,linear
3373,linear
3374,linear
3375,linear
3376,linear
3377,linear
3378,linear
3379,linear
3380,linear
3381,linear
3382,linear
3383,linear
3384,linear
3385,linear
3386,linear
3387,linear
3388,linear
3389,linear
3390,linear
3391,linear
3392,linear
3393,linear
3394,linear
3395,linear
3396,linear
3397,linear
3398,linear
3399,linear
3400,linear
3401,linear
3402,linear
3403,linear
3404,linear
3405,linear
3406,linear
3407,linear
3408,linear
3409,linear
3410,linear
3411,linear
3412,linear
3413,linear
3414,linear
3415,linear
3416,linear
3417,linear
3418,linear
3419,linear
3420,linear
3421,linear
3422,linear
3423,linear
3424,linear
3425,linear
3426,linear
3427,linear
3428,linear
3429,linear
3430,linear
3431,linear
3432,linear
3433,linear
3434,linear
3435,linear
3436,linear
3437,linear
3438,linear
3439,linear
3440,linear
3441,linear
3442,linear
3443,linear
3444,linear
3445,linear
3446,linear
3447,linear
3448,linear
3449,linear
3450,linear
3451,linear
3452,linear
3453,linear
3454,linear
3455,linear
3456,linear
3457,linear
3458,linear
3459,linear
3460,linear
3461,linear
3462,linear
3463,linear
3464,linear
3465,linear
3466,linear
3467,linear
3468,linear
3469,linear
3470,linear
3471,linear
3472,linear
3473,linear
3480,linear
3481,linear
3482,linear
3483,linear
3484,linear
3485,linear
3486,linear
3487,linear
3488,linear
3489,linear
3490,linear
3491,linear
3492,linear
3493,linear
3494,linear
3495,linear
3496,linear
3497,linear
3498,linear
3499,linear
3500,linear
3501,linear
3502,linear
3503,linear
3504,linear
3505,linear
3506,linear
3507,linear
3508,linear
3509,linear
3510,linear
3511,linear
3512,linear
3513,linear
3514,linear
3515,linear
3516,linear
3517,linear
3518,linear
3519,linear
3520,linear
3521,linear
3522,linear
3523,linear
3524,linear
3525,linear
3526,linear
3527,linear
3528,linear
3529,linear
3530,linear
3531,linear
3532,linear
3533,linear
3534,linear
3535,linear
3536,linear
3537,linear
3538,linear
3539,linear
3540,linear
3541,linear
3542,linear
3543,linear
3544,linear
3545,linear
3546,linear
3547,linear
3548,linear
3549,linear
3550,linear
3551,linear
3552,linear
3553,linear
3554,linear
3555,linear
3556,linear
3557,linear
3558,linear
3559,linear
3560,linear
3561,linear
3562,linear
3563,linear
3564,linear
3565,linear
3566,linear
3567,linear
3568,linear
3569,linear
3570,linear
3571,linear
3572,linear
3573,linear
3574,linear
3575,linear
3576,linear
3577,linear
3578,linear
3579,linear
3580,linear
3581,linear
3582,linear
3583,linear
3584,linear
3585,linear
3586,linear
3587,linear
3588,linear
3589,linear
3590,linear
3591,linear
3592,linear
3593,linear
3594,linear
3595,linear
3600,linear
3601,linear
3602,linear
3603,linear
3604,linear
3605,linear
3606,linear
3607,linear
3608,linear
3609,linear
3610,linear
3611,linear
3612,linear
3613,linear
3614,linear
3615,linear
3616,linear
3617,linear
3618,linear
3619,linear
3620,linear
3621,linear
3622,linear
3623,linear
3624,linear
3625,linear
3626,linear
3627,linear
3628,linear
3629,linear
3630,linear
3631,linear
3632,linear
3633,linear
3634,linear
3635,linear
3636,linear
3637,linear
3638,linear
3639,linear
3640,linear
3641,linear
3642,linear
3643,linear
3644,linear
3645,linear
3646,linear
3647,linear
3648,linear
3649,linear
3650,linear
3651,linear
3652,linear
3653,linear
3654,linear
3655,linear
3656,linear
3657,linear
3658,linear
3659,linear
3660,linear
3661,linear
3662,linear
3663,linear
3664,linear
3665,linear
3666,linear
3667,linear
3668,linear
3669,linear
3670,linear
3671,linear
3672,linear
3673,linear
3674,linear
3675,linear
3676,linear
3677,linear
3678,linear
3679,linear
3680,linear
3681,linear
3682,linear
3683,linear
3684,linear
3685,linear
3686,linear
3687,linear
3688,linear
3689,linear
3690,linear
3691,linear
3692,linear
3693,linear
3694,linear
3695,linear
3696,linear
3697,linear
3698,linear
3699,linear
3700,linear
3701,linear
3702,linear
3703,linear
3704,linear
3705,linear
3706,linear
3707,linear
3708,linear
3709,linear
3710,linear
3711,linear
3712,linear
3713,linear
3714,linear
3715,linear
3720,linear
3721,linear
3722,linear
3723,linear
3724,linear
3725,linear
3726,linear
3727,linear
3728,linear
3729,linear
3730,linear
3731,linear
3732,linear
3733,linear
3734,linear
3735,linear
3736,linear
3737,linear
3738,linear
3739,linear
3740,linear
3741,linear
3742,linear
3743,linear
3744,linear
3745,linear
3746,linear
3747,linear
3748,linear
3749,linear
3750,linear
3751,linear
3752,linear
3753,linear
3754,linear
3755,linear
3756,linear
3757,linear
3758,linear
3759,linear
3760,linear
3761,linear
3762,linear
3763,linear
3764,linear
3765,linear
3766,linear
3767,linear
3768,linear
3769,linear
3770,linear
3771,linear
3772,linear
3773,linear
3774,linear
3775,linear
3776,linear
3777,linear
3778,linear
3779,linear
3780,linear
3781,linear
3782,linear
3783,linear
3784,linear
3785,linear
3786,linear
3787,linear
3788,linear
3789,linear
3790,linear
3791,linear
3792,linear
3793,linear
3794,linear
3795,linear
3796,linear
3797,linear
3798,linear
3799,linear
3800,linear
3801,linear
3802,linear
3803,linear
3804,linear
3805,linear
3806,linear
3807,linear
3808,linear
3809,linear
3810,linear
3811,linear
3812,linear
3813,linear
3814,linear
3815,linear
3816,linear
3817,linear
3818,linear
3819,linear
3820,linear
3821,linear
3822,linear
3823,linear
3824,linear
3825,linear
3826,linear
3827,linear
3828,linear
3829,linear
3830,linear
3831,linear
3832,linear
3833,linear
3834,linear
3835,linear
3836,linear
3837,linear
3840,linear
3841,linear
3842,linear
3843,linear
3844,linear
3845,linear
3846,linear
3847,linear
3848,linear
3849,linear
3850,linear
3851,linear
3852,linear
3853,linear
3854,linear
3855,linear
3856,linear
3857,linear
3858,linear
3859,linear
3860,linear
3861,linear
3862,linear
3863,linear
3864,linear
3865,linear
3866,linear
3867,linear
3868,linear
3869,linear
3870,linear
3871,linear
3872,linear
3873,linear
3874,linear
3875,linear
3876,linear
3877,linear
3878,linear
3879,linear
3880,linear
3881,linear
3882,linear
3883,linear
3884,linear
3885,linear
3886,linear
3887,linear
3888,linear
3889,linear
3890,linear
3891,linear
3892,linear
3893,linear
3894,linear
3895,linear
3896,linear
3897,linear
3898,linear
3899,linear
3900,linear
3901,linear
3902,linear
3903,linear
3904,linear
3905,linear
3906,linear
3907,linear
3908,linear
3909,linear
3910,linear
3911,linear
3912,linear
3913,linear
3914,linear
3915,linear
3916,linear
3917,linear
3918,linear
3919,linear
3920,linear
3921,linear
3922,linear
3923,linear
3924,linear
3925,linear
3926,linear
3927,linear
3928,linear
3929,linear
3930,linear
3931,linear
3932,linear
3933,linear
3934,linear
3935,linear
3936,linear
3937,linear
3938,linear
3939,linear
3940,linear
3941,linear
3942,linear
3943,linear
3944,linear
3945,linear
3946,linear
3947,linear
3948,linear
3949,linear
3950,linear
3951,linear
3952,linear
3953,linear
3954,linear
3955,linear
3956,linear
3957,linear
3958,linear
3959,linear
3960,linear
3961,linear
3962,linear
3963,linear
3964,linear
3965,linear
3966,linear
3967,linear
3968,linear
3960,collision
3961,parabolic
3962,parabolic
3963,parabolic
3964,parabolic
3965,parabolic
3966,parabolic
3967,parabolic
3968,parabolic
3969,parabolic
3970,parabolic
3971,parabolic
3972,parabolic
3973,parabolic
3974,parabolic
3975,parabolic
3976,parabolic
3977,parabolic
3978,parabolic
3979,parabolic
3980,parabolic
3981,parabolic
3982,parabolic
3983,parabolic
3984,parabolic
3985,parabolic
3986,parabolic
3987,parabolic
3988,parabolic
3989,parabolic
3990,parabolic
3991,parabolic
3992,parabolic
3993,parabolic
3994,parabolic
3995,parabolic
3996,parabolic
3997,parabolic
3998,parabolic
3999,parabolic
4000,parabolic
4001,parabolic
4002,parabolic
4003,parabolic
4004,parabolic
4005,parabolic
4006,parabolic
4007,parabolic
4008,parabolic
4009,parabolic
4010,parabolic
4011,parabolic
4012,parabolic
4013,parabolic
4014,parabolic
4015,parabolic
4016,parabolic
4017,parabolic
4018,parabolic
4019,parabolic
4020,parabolic
4021,parabolic
4022,parabolic
4023,parabolic
4024,parabolic
4025,parabolic
4026,parabolic
4027,parabolic
4028,parabolic
4029,parabolic
4030,parabolic
4031,parabolic
4032,parabolic
4033,parabolic
4034,parabolic
4035,parabolic
4036,parabolic
4037,parabolic
4038,parabolic
4039,parabolic
4040,parabolic
4041,parabolic
4042,parabolic
4043,parabolic
4044,parabolic
4045,parabolic
4046,parabolic
4047,parabolic
4048,parabolic
4049,parabolic
4050,parabolic
4051,parabolic
4052,parabolic
4053,parabolic
4054,parabolic
4055,parabolic
4056,parabolic
4057,parabolic
4058,parabolic
4059,parabolic
4060,parabolic
4061,parabolic
4062,parabolic
4063,parabolic
4064,parabolic
4065,parabolic
4066,parabolic
4067,parabolic
4068,parabolic
4069,parabolic
4070,parabolic
4071,parabolic
4072,parabolic
4073,parabolic
4074,parabolic
4075,parabolic
4076,parabolic
4077,parabolic
4080,parabolic
4081,parabolic
4082,parabolic
4083,parabolic
4084,parabolic
4085,parabolic
4086,parabolic
4087,parabolic
4088,parabolic
4089,parabolic
4090,parabolic
4091,parabolic
4092,parabolic
4093,parabolic
4094,parabolic
4095,parabolic
4096,parabolic
4097,parabolic
4098,parabolic
4099,parabolic
4100,parabolic
4101,parabolic
4102,parabolic
4103,parabolic
4104,parabolic
4105,parabolic
4106,parabolic
4107,parabolic
4108,parabolic
4109,parabolic
4110,parabolic
4111,parabolic
4112,parabolic
4113,parabolic
4114,parabolic
4115,parabolic
4116,parabolic
4117,parabolic
4118,parabolic
4119,parabolic
4120,parabolic
4121,parabolic
4122,parabolic
4123,parabolic
4124,parabolic
4125,parabolic
4126,parabolic
4127,parabolic
4128,parabolic
4129,parabolic
4130,parabolic
4131,parabolic
4132,parabolic
4133,parabolic
4134,parabolic
4135,parabolic
4136,parabolic
4137,parabolic
4138,parabolic
4139,parabolic
4140,parabolic
4141,parabolic
4142,parabolic
4143,parabolic
4144,parabolic
4145,parabolic
4146,parabolic
4147,parabolic
4148,parabolic
4149,parabolic
4150,parabolic
4151,parabolic
4152,parabolic
4153,parabolic
4154,parabolic
4155,parabolic
4156,parabolic
4157,parabolic
4158,parabolic
4159,parabolic
4160,parabolic
4161,parabolic
4162,parabolic
4163,parabolic
4164,parabolic
4165,parabolic
4166,parabolic
4167,parabolic
4168,parabolic
4169,parabolic
4170,parabolic
4171,parabolic
4172,parabolic
4173,parabolic
4174,parabolic
4175,parabolic
4176,parabolic
4177,parabolic
4178,parabolic
4179,parabolic
4180,parabolic
4181,parabolic
4182,parabolic
4183,parabolic
4184,parabolic
4185,parabolic
4186,parabolic
4187,parabolic
4188,parabolic
4189,parabolic
4190,parabolic
4191,parabolic
4192,parabolic
4193,parabolic
4194,parabolic
4195,parabolic
4196,parabolic
4197,parabolic
4198,parabolic
4199,parabolic
4200,parabolic
4201,parabolic
4202,parabolic
4200,parabolic
4201,parabolic
4202,parabolic
4203,parabolic
4204,parabolic
4205,parabolic
4206,parabolic
4207,parabolic
4208,parabolic
4209,parabolic
4210,parabolic
4211,parabolic
4212,parabolic
4213,parabolic
4214,parabolic
4215,parabolic
4216,parabolic
4217,parabolic
4218,parabolic
4219,parabolic
4220,parabolic
4221,parabolic
4222,parabolic
4223,parabolic
4224,parabolic
4225,parabolic
4226,parabolic
4227,parabolic
4228,parabolic
4229,parabolic
4230,parabolic
4231,parabolic
4232,parabolic
4233,parabolic
4234,parabolic
4235,parabolic
4236,parabolic
4237,parabolic
4238,parabolic
4239,parabolic
4240,parabolic
4241,parabolic
4242,parabolic
4243,parabolic
4244,parabolic
4245,parabolic
4246,parabolic
4247,parabolic
4248,parabolic
4249,parabolic
4250,parabolic
4251,parabolic
4252,parabolic
4253,parabolic
4254,parabolic
4255,parabolic
4256,parabolic
4257,parabolic
4258,parabolic
4259,parabolic
4260,parabolic
4261,parabolic
4262,parabolic
4263,parabolic
4264,parabolic
4265,parabolic
4266,parabolic
4267,parabolic
4268,parabolic
4269,parabolic
4270,parabolic
4271,parabolic
4272,parabolic
4273,parabolic
4274,parabolic
4275,parabolic
4276,parabolic
4277,parabolic
4278,parabolic
4279,parabolic
4280,parabolic
4281,parabolic
4282,parabolic
4283,parabolic
4284,parabolic
4285,parabolic
4286,parabolic
4287,parabolic
4288,parabolic
4289,parabolic
4290,parabolic
4291,parabolic
4292,parabolic
4293,parabolic
4294,parabolic
4295,parabolic
4296,parabolic
4297,parabolic
4298,parabolic
4299,parabolic
4300,parabolic
4301,parabolic
4302,parabolic
4303,parabolic
4304,parabolic
4305,parabolic
4306,parabolic
4307,parabolic
4308,parabolic
4309,parabolic
4310,parabolic
4311,parabolic
4312,parabolic
4313,parabolic
4314,parabolic
4315,parabolic
4316,parabolic
4317,parabolic
4318,parabolic
4319,parabolic
4320,parabolic
4321,parabolic
4322,parabolic
4323,parabolic
4324,parabolic
4325,parabolic
4326,parabolic
4327,parabolic
4328,parabolic
4329,parabolic
4330,parabolic
4331,parabolic
4332,parabolic
4333,parabolic
4334,parabolic
4335,parabolic
4336,parabolic
4337,parabolic
4338,parabolic
4339,parabolic
4340,parabolic
4341,parabolic
4342,parabolic
4343,parabolic
4344,parabolic
4345,parabolic
4346,parabolic
4347,parabolic
4348,parabolic
4349,parabolic
4350,parabolic
4351,parabolic
4352,parabolic
4353,parabolic
4354,parabolic
4355,parabolic
4356,parabolic
4357,parabolic
4358,parabolic
4359,parabolic
4360,parabolic
4361,parabolic
4362,parabolic
4363,parabolic
4364,parabolic
4365,parabolic
4366,parabolic
4367,parabolic
4368,parabolic
4369,parabolic
4370,parabolic
4371,parabolic
4372,parabolic
4373,parabolic
4374,parabolic
4375,parabolic
4376,parabolic
4377,parabolic
4378,parabolic
4379,parabolic
4380,parabolic
4381,parabolic
4382,parabolic
4383,parabolic
4384,parabolic
4385,parabolic
4386,parabolic
4387,parabolic
4388,parabolic
4389,parabolic
4390,parabolic
4391,parabolic
4392,parabolic
4393,parabolic
4394,parabolic
4395,parabolic
4396,parabolic
4397,parabolic
4398,parabolic
4399,parabolic
4400,parabolic
4401,parabolic
4402,parabolic
4403,parabolic
4404,parabolic
4405,parabolic
4406,parabolic
4407,parabolic
4408,parabolic
4409,parabolic
4410,parabolic
4411,parabolic
4412,parabolic
4413,parabolic
4414,parabolic
4415,parabolic
4416,parabolic
4417,parabolic
4418,parabolic
4419,parabolic
4420,parabolic
4421,parabolic
4422,parabolic
4423,parabolic
4424,parabolic
4425,parabolic
4426,parabolic
4427,parabolic
4428,parabolic
4429,parabolic
4430,parabolic
4431,parabolic
4432,parabolic
4433,parabolic
4434,parabolic
4435,parabolic
4436,parabolic
4437,parabolic
4438,parabolic
4439,parabolic
4440,parabolic
4441,parabolic
4442,parabolic
4443,parabolic
4444,parabolic
4445,parabolic
4446,parabolic
4440,collision
4441,linear
4442,linear
4443,linear
4444,linear
4445,linear
4446,linear
4447,linear
4448,linear
4449,linear
4450,linear
4451,linear
4452,linear
4453,linear
4454,linear
4455,linear
4456,linear
4457,linear
4458,linear
4459,linear
4460,linear
4461,linear
4462,linear
4463,linear
4464,linear
4465,linear
4466,linear
4467,linear
4468,linear
4469,linear
4470,linear
4471,linear
4472,linear
4473,linear
4474,linear
4475,linear
4476,linear
4477,linear
4478,linear
4479,linear
4480,linear
4481,linear
4482,linear
4483,linear
4484,linear
4485,linear
4486,linear
4487,linear
4488,linear
4489,linear
4490,linear
4491,linear
4492,linear
4493,linear
4494,linear
4495,linear
4496,linear
4497,linear
4498,linear
4499,linear
4500,linear
4501,linear
4502,linear
4503,linear
4504,linear
4505,linear
4506,linear
4507,linear
4508,linear
4509,linear
4510,linear
4511,linear
4512,linear
4513,linear
4514,linear
4515,linear
4516,linear
4517,linear
4518,linear
4519,linear
4520,linear
4521,linear
4522,linear
4523,linear
4524,linear
4525,linear
4526,linear
4527,linear
4528,linear
4529,linear
4530,linear
4531,linear
4532,linear
4533,linear
4534,linear
4535,linear
4536,linear
4537,linear
4538,linear
4539,linear
4540,linear
4541,linear
4542,linear
4543,linear
4544,linear
4545,linear
4546,linear
4547,linear
4548,linear
4549,linear
4560,collision
4561,parabolic
4562,parabolic
4563,parabolic
4564,parabolic
4565,parabolic
4566,parabolic
4567,parabolic
4568,parabolic
4569,parabolic
4570,parabolic
4571,parabolic
4572,parabolic
4573,parabolic
4574,parabolic
4575,parabolic
4576,parabolic
4577,parabolic
4578,parabolic
4579,parabolic
4580,parabolic
4581,parabolic
4582,parabolic
4583,parabolic
4584,parabolic
4585,parabolic
4586,parabolic
4587,parabolic
4588,parabolic
4589,parabolic
4590,parabolic
4591,parabolic
4592,parabolic
4593,parabolic
4594,parabolic
4595,parabolic
4596,parabolic
4597,parabolic
4598,parabolic
4599,parabolic
4600,parabolic
4601,parabolic
4602,parabolic
4603,parabolic
4604,parabolic
4605,parabolic
4606,parabolic
4607,parabolic
4608,parabolic
4609,parabolic
4610,parabolic
4611,parabolic
4612,parabolic
4613,parabolic
4614,parabolic
4615,parabolic
4616,parabolic
4617,parabolic
4618,parabolic
4619,parabolic
4620,parabolic
4621,parabolic
4622,parabolic
4623,parabolic
4624,parabolic
4625,parabolic
4626,parabolic
4627,parabolic
4628,parabolic
4629,parabolic
4630,parabolic
4631,parabolic
4632,parabolic
4633,parabolic
4634,parabolic
4635,parabolic
4636,parabolic
4637,parabolic
4638,parabolic
4639,parabolic
4640,parabolic
4641,parabolic
4642,parabolic
4643,parabolic
4644,parabolic
4645,parabolic
4646,parabolic
4647,parabolic
4648,parabolic
4649,parabolic
4650,parabolic
4651,parabolic
4652,parabolic
4653,parabolic
4654,parabolic
4655,parabolic
4656,parabolic
4657,parabolic
4658,parabolic
4659,parabolic
4660,parabolic
4661,parabolic
4662,parabolic
4663,parabolic
4664,parabolic
4665,parabolic
4666,parabolic
4667,parabolic
4668,parabolic
4669,parabolic
4670,parabolic
4671,parabolic
4672,parabolic
4673,parabolic
4680,collision
4681,linear
4682,linear
4683,linear
4684,linear
4685,linear
4686,linear
4687,linear
4688,linear
4689,linear
4690,linear
4691,linear
4692,linear
4693,linear
4694,linear
4695,linear
4696,linear
4697,linear
4698,linear
4699,linear
4700,linear
4701,linear
4702,linear
4703,linear
4704,linear
4705,linear
4706,linear
4707,linear
4708,linear
4709,linear
4710,linear
4711,linear
4712,linear
4713,linear
4714,linear
4715,linear
4716,linear
4717,linear
4718,linear
4719,linear
4720,linear
4721,linear
4722,linear
4723,linear
4724,linear
4725,linear
4726,linear
4727,linear
4728,linear
4729,linear
4730,linear
4731,linear
4732,linear
4733,linear
4734,linear
4735,linear
4736,linear
4737,linear
4738,linear
4739,linear
4740,linear
4741,linear
4742,linear
4743,linear
4744,linear
4745,linear
4746,linear
4747,linear
4748,linear
4749,linear
4750,linear
4751,linear
4752,linear
4753,linear
4754,linear
4755,linear
4756,linear
4757,linear
4758,linear
4759,linear
4760,linear
4761,linear
4762,linear
4763,linear
4764,linear
4765,linear
4766,linear
4767,linear
4768,linear
4769,linear
4770,linear
4771,linear
4772,linear
4773,linear
4774,linear
4775,linear
4776,linear
4777,linear
4778,linear
4779,linear
4780,linear
4781,linear
4782,linear
4783,linear
4784,linear
4785,linear
4786,linear
4787,linear
4788,linear
4789,linear
4800,collision
4801,parabolic
4802,parabolic
4803,parabolic
4804,parabolic
4805,parabolic
4806,parabolic
4807,parabolic
4808,parabolic
4809,parabolic
4810,parabolic
4811,parabolic
4812,parabolic
4813,parabolic
4814,parabolic
4815,parabolic
4816,parabolic
4817,parabolic
4818,parabolic
4819,parabolic
4820,parabolic
4821,parabolic
4822,parabolic
4823,parabolic
4824,parabolic
4825,parabolic
4826,parabolic
4827,parabolic
4828,parabolic
4829,parabolic
4830,parabolic
4831,parabolic
4832,parabolic
4833,parabolic
4834,parabolic
4835,parabolic
4836,parabolic
4837,parabolic
4838,parabolic
4839,parabolic
4840,parabolic
4841,parabolic
4842,parabolic
4843,parabolic
4844,parabolic
4845,parabolic
4846,parabolic
4847,parabolic
4848,parabolic
4849,parabolic
4850,parabolic
4851,parabolic
4852,parabolic
4853,parabolic
4854,parabolic
4855,parabolic
4856,parabolic
4857,parabolic
4858,parabolic
4859,parabolic
4860,parabolic
4861,parabolic
4862,parabolic
4863,parabolic
4864,parabolic
4865,parabolic
4866,parabolic
4867,parabolic
4868,parabolic
4869,parabolic
4870,parabolic
4871,parabolic
4872,parabolic
4873,parabolic
4874,parabolic
4875,parabolic
4876,parabolic
4877,parabolic
4878,parabolic
4879,parabolic
4880,parabolic
4881,parabolic
4882,parabolic
4883,parabolic
4884,parabolic
4885,parabolic
4886,parabolic
4887,parabolic
4888,parabolic
4889,parabolic
4890,parabolic
4891,parabolic
4892,parabolic
4893,parabolic
4894,parabolic
4895,parabolic
4896,parabolic
4897,parabolic
4898,parabolic
4899,parabolic
4900,parabolic
4901,parabolic
4902,parabolic
4903,parabolic
4904,parabolic
4905,parabolic
4906,parabolic
4907,parabolic
4908,parabolic
4909,parabolic
4920,collision
4921,linear
4922,linear
4923,linear
4924,linear
4925,linear
4926,linear
4927,linear
4928,linear
4929,linear
4930,linear
4931,linear
4932,linear
4933,linear
4934,linear
4935,linear
4936,linear
4937,linear
4938,linear
4939,linear
4940,linear
4941,linear
4942,linear
4943,linear
4944,linear
4945,linear
4946,linear
4947,linear
4948,linear
4949,linear
4950,linear
4951,linear
4952,linear
4953,linear
4954,linear
4955,linear
4956,linear
4957,linear
4958,linear
4959,linear
4960,linear
4961,linear
4962,linear
4963,linear
4964,linear
4965,linear
4966,linear
4967,linear
4968,linear
4969,linear
4970,linear
4971,linear
4972,linear
4973,linear
4974,linear
4975,linear
4976,linear
4977,linear
4978,linear
4979,linear
4980,linear
4981,linear
4982,linear
4983,linear
4984,linear
4985,linear
4986,linear
4987,linear
4988,linear
4989,linear
4990,linear
4991,linear
4992,linear
4993,linear
4994,linear
4995,linear
4996,linear
4997,linear
4998,linear
4999,linear
5000,linear
5001,linear
5002,linear
5003,linear
5004,linear
5005,linear
5006,linear
5007,linear
5008,linear
5009,linear
5010,linear
5011,linear
5012,linear
5013,linear
5014,linear
5015,linear
5016,linear
5017,linear
5018,linear
5019,linear
5020,linear
5021,linear
5022,linear
5023,linear
5024,linear
5025,linear
5026,linear
5027,linear
5028,linear
5029,linear
5030,linear
5031,linear
5032,linear
5033,linear
5034,linear
5035,linear
5036,linear
5037,linear
5038,linear
5039,linear
5040,linear
5041,linear
5042,linear
5043,linear
5044,linear
5040,linear
5041,linear
5042,linear
5043,linear
5044,linear
5045,linear
5046,linear
5047,linear
5048,linear
5049,linear
5050,linear
5051,linear
5052,linear
5053,linear
5054,linear
5055,linear
5056,linear
5057,linear
5058,linear
5059,linear
5060,linear
5061,linear
5062,linear
5063,linear
5064,linear
5065,linear
5066,linear
5067,linear
5068,linear
5069,linear
5070,linear
5071,linear
5072,linear
5073,linear
5074,linear
5075,linear
5076,linear
5077,linear
5078,linear
5079,linear
5080,linear
5081,linear
5082,linear
5083,linear
5084,linear
5085,linear
5086,linear
5087,linear
5088,linear
5089,linear
5090,linear
5091,linear
5092,linear
5093,linear
5094,linear
5095,linear
5096,linear
5097,linear
5098,linear
5099,linear
5100,linear
5101,linear
5102,linear
5103,linear
5104,linear
5105,linear
5106,linear
5107,linear
5108,linear
5109,linear
5110,linear
5111,linear
5112,linear
5113,linear
5114,linear
5115,linear
5116,linear
5117,linear
5118,linear
5119,linear
5120,linear
5121,linear
5122,linear
5123,linear
5124,linear
5125,linear
5126,linear
5127,linear
5128,linear
5129,linear
5130,linear
5131,linear
5132,linear
5133,linear
5134,linear
5135,linear
5136,linear
5137,linear
5138,linear
5139,linear
5140,linear
5141,linear
5142,linear
5143,linear
5144,linear
5145,linear
5146,linear
5147,linear
5148,linear
5149,linear
5150,linear
5151,linear
5152,linear
5153,linear
5154,linear
5155,linear
5156,linear
5157,linear
5158,linear
5159,linear
5160,linear
5161,linear
5162,linear
5163,linear
5164,linear
5165,linear
5160,collision
5161,parabolic
5162,parabolic
5163,parabolic
5164,parabolic
5165,parabolic
5166,parabolic
5167,parabolic
5168,parabolic
5169,parabolic
5170,parabolic
5171,parabolic
5172,parabolic
5173,parabolic
5174,parabolic
5175,parabolic
5176,parabolic
5177,parabolic
5178,parabolic
5179,parabolic
5180,parabolic
5181,parabolic
5182,parabolic
5183,parabolic
5184,parabolic
5185,parabolic
5186,parabolic
5187,parabolic
5188,parabolic
5189,parabolic
5190,parabolic
5191,parabolic
5192,parabolic
5193,parabolic
5194,parabolic
5195,parabolic
5196,parabolic
5197,parabolic
5198,parabolic
5199,parabolic
5200,parabolic
5201,parabolic
5202,parabolic
5203,parabolic
5204,parabolic
5205,parabolic
5206,parabolic
5207,parabolic
5208,parabolic
5209,parabolic
5210,parabolic
5211,parabolic
5212,parabolic
5213,parabolic
5214,parabolic
5215,parabolic
5216,parabolic
5217,parabolic
5218,parabolic
5219,parabolic
5220,parabolic
5221,parabolic
5222,parabolic
5223,parabolic
5224,parabolic
5225,parabolic
5226,parabolic
5227,parabolic
5228,parabolic
5229,parabolic
5230,parabolic
5231,parabolic
5232,parabolic
5233,parabolic
5234,parabolic
5235,parabolic
5236,parabolic
5237,parabolic
5238,parabolic
5239,parabolic
5240,parabolic
5241,parabolic
5242,parabolic
5243,parabolic
5244,parabolic
5245,parabolic
5246,parabolic
5247,parabolic
5248,parabolic
5249,parabolic
5250,parabolic
5251,parabolic
5252,parabolic
5253,parabolic
5254,parabolic
5255,parabolic
5256,parabolic
5257,parabolic
5258,parabolic
5259,parabolic
5260,parabolic
5261,parabolic
5262,parabolic
5263,parabolic
5264,parabolic
5265,parabolic
5266,parabolic
5267,parabolic
5268,parabolic
5269,parabolic
5270,parabolic
5271,parabolic
5272,parabolic
5273,parabolic
5274,parabolic
5275,parabolic
5276,parabolic
5277,parabolic
5278,parabolic
5279,parabolic
5280,parabolic
5281,parabolic
5282,parabolic
5283,parabolic
5284,parabolic
5285,parabolic
5286,parabolic
5287,parabolic
5280,parabolic
5281,parabolic
5282,parabolic
5283,parabolic
5284,parabolic
5285,parabolic
5286,parabolic
5287,parabolic
5288,parabolic
5289,parabolic
5290,parabolic
5291,parabolic
5292,parabolic
5293,parabolic
5294,parabolic
5295,parabolic
5296,parabolic
5297,parabolic
5298,parabolic
5299,parabolic
5300,parabolic
5301,parabolic
5302,parabolic
5303,parabolic
5304,parabolic
5305,parabolic
5306,parabolic
5307,parabolic
5308,parabolic
5309,parabolic
5310,parabolic
5311,parabolic
5312,parabolic
5313,parabolic
5314,parabolic
5315,parabolic
5316,parabolic
5317,parabolic
5318,parabolic
5319,parabolic
5320,parabolic
5321,parabolic
5322,parabolic
5323,parabolic
5324,parabolic
5325,parabolic
5326,parabolic
5327,parabolic
5328,parabolic
5329,parabolic
5330,parabolic
5331,parabolic
5332,parabolic
5333,parabolic
5334,parabolic
5335,parabolic
5336,parabolic
5337,parabolic
5338,parabolic
5339,parabolic
5340,parabolic
5341,parabolic
5342,parabolic
5343,parabolic
5344,parabolic
5345,parabolic
5346,parabolic
5347,parabolic
5348,parabolic
5349,parabolic
5350,parabolic
5351,parabolic
5352,parabolic
5353,parabolic
5354,parabolic
5355,parabolic
5356,parabolic
5357,parabolic
5358,parabolic
5359,parabolic
5360,parabolic
5361,parabolic
5362,parabolic
5363,parabolic
5364,parabolic
5365,parabolic
5366,parabolic
5367,parabolic
5368,parabolic
5369,parabolic
5370,parabolic
5371,parabolic
5372,parabolic
5373,parabolic
5374,parabolic
5375,parabolic
5376,parabolic
5377,parabolic
5378,parabolic
5379,parabolic
5380,parabolic
5381,parabolic
5382,parabolic
5383,parabolic
5384,parabolic
5385,parabolic
5386,parabolic
5387,parabolic
5388,parabolic
5389,parabolic
5390,parabolic
5391,parabolic
5392,parabolic
5393,parabolic
5394,parabolic
5395,parabolic
5396,parabolic
5397,parabolic
5398,parabolic
5399,parabolic
5400,parabolic
5401,parabolic
5402,parabolic
5403,parabolic
5404,parabolic
5405,parabolic
5406,parabolic
5407,parabolic
5408,parabolic
5409,parabolic
5400,parabolic
5401,parabolic
5402,parabolic
5403,parabolic
5404,parabolic
5405,parabolic
5406,parabolic
5407,parabolic
5408,parabolic
5409,parabolic
5410,parabolic
5411,parabolic
5412,parabolic
5413,parabolic
5414,parabolic
5415,parabolic
5416,parabolic
5417,parabolic
5418,parabolic
5419,parabolic
5420,parabolic
5421,parabolic
5422,parabolic
5423,parabolic
5424,parabolic
5425,parabolic
5426,parabolic
5427,parabolic
5428,parabolic
5429,parabolic
5430,parabolic
5431,parabolic
5432,parabolic
5433,parabolic
5434,parabolic
5435,parabolic
5436,parabolic
5437,parabolic
5438,parabolic
5439,parabolic
5440,parabolic
5441,parabolic
5442,parabolic
5443,parabolic
5444,parabolic
5445,parabolic
5446,parabolic
5447,parabolic
5448,parabolic
5449,parabolic
5450,parabolic
5451,parabolic
5452,parabolic
5453,parabolic
5454,parabolic
5455,parabolic
5456,parabolic
5457,parabolic
5458,parabolic
5459,parabolic
5460,parabolic
5461,parabolic
5462,parabolic
5463,parabolic
5464,parabolic
5465,parabolic
5466,parabolic
5467,parabolic
5468,parabolic
5469,parabolic
5470,parabolic
5471,parabolic
5472,parabolic
5473,parabolic
5474,parabolic
5475,parabolic
5476,parabolic
5477,parabolic
5478,parabolic
5479,parabolic
5480,parabolic
5481,parabolic
5482,parabolic
5483,parabolic
5484,parabolic
5485,parabolic
5486,parabolic
5487,parabolic
5488,parabolic
5489,parabolic
5490,parabolic
5491,parabolic
5492,parabolic
5493,parabolic
5494,parabolic
5495,parabolic
5496,parabolic
5497,parabolic
5498,parabolic
5499,parabolic
5500,parabolic
5501,parabolic
5502,parabolic
5503,parabolic
5504,parabolic
5505,parabolic
5506,parabolic
5507,parabolic
5508,parabolic
5509,parabolic
5510,parabolic
5511,parabolic
5512,parabolic
5513,parabolic
5514,parabolic
5515,parabolic
5516,parabolic
5517,parabolic
5518,parabolic
5519,parabolic
5520,parabolic
5521,parabolic
5520,collision
5521,linear
5522,linear
5523,linear
5524,linear
5525,linear
5526,linear
5527,linear
5528,linear
5529,linear
5530,linear
5531,linear
5532,linear
5533,linear
5534,linear
5535,linear
5536,linear
5537,linear
5538,linear
5539,linear
5540,linear
5541,linear
5542,linear
5543,linear
5544,linear
5545,linear
5546,linear
5547,linear
5548,linear
5549,linear
5550,linear
5551,linear
5552,linear
5553,linear
5554,linear
5555,linear
5556,linear
5557,linear
5558,linear
5559,linear
5560,linear
5561,linear
5562,linear
5563,linear
5564,linear
5565,linear
5566,linear
5567,linear
5568,linear
5569,linear
5570,linear
5571,linear
5572,linear
5573,linear
5574,linear
5575,linear
5576,linear
5577,linear
5578,linear
5579,linear
5580,linear
5581,linear
5582,linear
5583,linear
5584,linear
5585,linear
5586,linear
5587,linear
5588,linear
5589,linear
5590,linear
5591,linear
5592,linear
5593,linear
5594,linear
5595,linear
5596,linear
5597,linear
5598,linear
5599,linear
5600,linear
5601,linear
5602,linear
5603,linear
5604,linear
5605,linear
5606,linear
5607,linear
5608,linear
5609,linear
5610,linear
5611,linear
5612,linear
5613,linear
5614,linear
5615,linear
5616,linear
5617,linear
5618,linear
5619,linear
5620,linear
5621,linear
5622,linear
5623,linear
5624,linear
5625,linear
5626,linear
5627,linear
5628,linear
5629,linear
5630,linear
5640,collision
5641,parabolic
5642,parabolic
5643,parabolic
5644,parabolic
5645,parabolic
5646,parabolic
5647,parabolic
5648,parabolic
5649,parabolic
5650,parabolic
5651,parabolic
5652,parabolic
5653,parabolic
5654,parabolic
5655,parabolic
5656,parabolic
5657,parabolic
5658,parabolic
5659,parabolic
5660,parabolic
5661,parabolic
5662,parabolic
5663,parabolic
5664,parabolic
5665,parabolic
5666,parabolic
5667,parabolic
5668,parabolic
5669,parabolic
5670,parabolic
5671,parabolic
5672,parabolic
5673,parabolic
5674,parabolic
5675,parabolic
5676,parabolic
5677,parabolic
5678,parabolic
5679,parabolic
5680,parabolic
5681,parabolic
5682,parabolic
5683,parabolic
5684,parabolic
5685,parabolic
5686,parabolic
5687,parabolic
5688,parabolic
5689,parabolic
5690,parabolic
5691,parabolic
5692,parabolic
5693,parabolic
5694,parabolic
5695,parabolic
5696,parabolic
5697,parabolic
5698,parabolic
5699,parabolic
5700,parabolic
5701,parabolic
5702,parabolic
5703,parabolic
5704,parabolic
5705,parabolic
5706,parabolic
5707,parabolic
5708,parabolic
5709,parabolic
5710,parabolic
5711,parabolic
5712,parabolic
5713,parabolic
5714,parabolic
5715,parabolic
5716,parabolic
5717,parabolic
5718,parabolic
5719,parabolic
5720,parabolic
5721,parabolic
5722,parabolic
5723,parabolic
5724,parabolic
5725,parabolic
5726,parabolic
5727,parabolic
5728,parabolic
5729,parabolic
5730,parabolic
5731,parabolic
5732,parabolic
5733,parabolic
5734,parabolic
5735,parabolic
5736,parabolic
5737,parabolic
5738,parabolic
5739,parabolic
5740,parabolic
5741,parabolic
5742,parabolic
5743,parabolic
5744,parabolic
5745,parabolic
5746,parabolic
5747,parabolic
5748,parabolic
5749,parabolic
5750,parabolic
5751,parabolic
5752,parabolic
5753,parabolic
5754,parabolic
5755,parabolic
5756,parabolic
5757,parabolic
5758,parabolic
5759,parabolic
5760,parabolic
5761,parabolic
5762,parabolic
5763,parabolic
5760,collision
5761,linear
5762,linear
5763,linear
5764,linear
5765,linear
5766,linear
5767,linear
5768,linear
5769,linear
5770,linear
5771,linear
5772,linear
5773,linear
5774,linear
5775,linear
5776,linear
5777,linear
5778,linear
5779,linear
5780,linear
5781,linear
5782,linear
5783,linear
5784,linear
5785,linear
5786,linear
5787,linear
5788,linear
5789,linear
5790,linear
5791,linear
5792,linear
5793,linear
5794,linear
5795,linear
5796,linear
5797,linear
5798,linear
5799,linear
5800,linear
5801,linear
5802,linear
5803,linear
5804,linear
5805,linear
5806,linear
5807,linear
5808,linear
5809,linear
5810,linear
5811,linear
5812,linear
5813,linear
5814,linear
5815,linear
5816,linear
5817,linear
5818,linear
5819,linear
5820,linear
5821,linear
5822,linear
5823,linear
5824,linear
5825,linear
5826,linear
5827,linear
5828,linear
5829,linear
5830,linear
5831,linear
5832,linear
5833,linear
5834,linear
5835,linear
5836,linear
5837,linear
5838,linear
5839,linear
5840,linear
5841,linear
5842,linear
5843,linear
5844,linear
5845,linear
5846,linear
5847,linear
5848,linear
5849,linear
5850,linear
5851,linear
5852,linear
5853,linear
5854,linear
5855,linear
5856,linear
5857,linear
5858,linear
5859,linear
5860,linear
5861,linear
5862,linear
5863,linear
5864,linear
5865,linear
5866,linear
5867,linear
5868,linear
5869,linear
5870,linear
5871,linear
5872,linear
5873,linear
5874,linear
5875,linear
5876,linear
5877,linear
5878,linear
5879,linear
5880,linear
5881,linear
5882,linear
5883,linear
5884,linear
5880,collision
5881,parabolic
5882,parabolic
5883,parabolic
5884,parabolic
5885,parabolic
5886,parabolic
5887,parabolic
5888,parabolic
5889,parabolic
5890,parabolic
5891,parabolic
5892,parabolic
5893,parabolic
5894,parabolic
5895,parabolic
5896,parabolic
5897,parabolic
5898,parabolic
5899,parabolic
5900,parabolic
5901,parabolic
5902,parabolic
5903,parabolic
5904,parabolic
5905,parabolic
5906,parabolic
5907,parabolic
5908,parabolic
5909,parabolic
5910,parabolic
5911,parabolic
5912,parabolic
5913,parabolic
5914,parabolic
5915,parabolic
5916,parabolic
5917,parabolic
5918,parabolic
5919,parabolic
5920,parabolic
5921,parabolic
5922,parabolic
5923,parabolic
5924,parabolic
5925,parabolic
5926,parabolic
5927,parabolic
5928,parabolic
5929,parabolic
5930,parabolic
5931,parabolic
5932,parabolic
5933,parabolic
5934,parabolic
5935,parabolic
5936,parabolic
5937,parabolic
5938,parabolic
5939,parabolic
5940,parabolic
5941,parabolic
5942,parabolic
5943,parabolic
5944,parabolic
5945,parabolic
5946,parabolic
5947,parabolic
5948,parabolic
5949,parabolic
5950,parabolic
5951,parabolic
5952,parabolic
5953,parabolic
5954,parabolic
5955,parabolic
5956,parabolic
5957,parabolic
5958,parabolic
5959,parabolic
5960,parabolic
5961,parabolic
5962,parabolic
5963,parabolic
5964,parabolic
5965,parabolic
5966,parabolic
5967,parabolic
5968,parabolic
5969,parabolic
5970,parabolic
5971,parabolic
5972,parabolic
5973,parabolic
5974,parabolic
5975,parabolic
5976,parabolic
5977,parabolic
5978,parabolic
5979,parabolic
5980,parabolic
5981,parabolic
5982,parabolic
5983,parabolic
5984,parabolic
5985,parabolic
5986,parabolic
5987,parabolic
5988,parabolic
5989,parabolic
5990,parabolic
5991,parabolic
5992,parabolic
5993,parabolic
5994,parabolic
5995,parabolic
5996,parabolic
5997,parabolic
5998,parabolic
5999,parabolic
6000,parabolic
6001,parabolic